id,name,relevance_tier,employees,state,website,blurb,notes
9427b451-dc23-43ab-adfe-a688cf68a3e4,Freedom Property Investors,high,213,NSW,https://freedompropertyinvestors.com.au/,Investment property advisory helping clients achieve financial freedom through data-driven portfolio building and off-market property strategies.,9 contacts in Individuals list.
59c41abe-3e89-4ee2-81f1-7a22aa905ef7,Empower Wealth,high,88,National,https://empowerwealth.com.au/,Multi-award-winning property and wealth advisory. Co-founded by Ben Kingsley and Bryce Holdaway. Buyers agency + portfolio planning + financial planning.,"88 employees. Branches: Brisbane, Melbourne, Perth, Sydney. Consolidate state branches into this entry."
b5d8e0e6-cf48-4207-bbd2-fb21ab7a5e35,Positive Real Estate Australia,high,85,NSW,https://positiverealestate.com.au/,Property investment education and advisory coaching clients to build cashflow-positive portfolios for financial independence.,8 contacts in Individuals list. Coaching + acquisition model.
5def037b-deaa-4057-ba92-769cc02a25e0,InvestorKit,high,57,National,https://investorkit.com.au/,Investment property buyers agency and technology platform. Buyer's Agency of Year 2023 & 2024.,57 employees. Awards recognition. Investment-focused.
9d439f00-54f0-437c-b42b-08ba09cafc0e,Metropole Property Strategists,high,55,VIC,https://metropole.com.au/,"Industry-leading investment property strategists with 40+ years experience and $6B+ managed, helping investors build multi-property portfolios with strategic wealth planning.",1 contact: Kate Forbes (National Director). Founded by Michael Yardney. 40+ yr track record.
7dd5142a-0173-45d3-a9d7-553ab3233121,Australian Property Scout,high,43,National,https://australianpropertyscout.com.au/,Major buyers agency specializing in investment property acquisition across Australia. Industry thought leader and content creator.,43 employees. Investment-focused national operation.
9c0946fd-7375-41eb-9dbe-56cf80d8c715,OpenCorp,high,42,VIC,https://opencorp.com.au/,"Property investment advisory integrating finance structuring, property research, and portfolio management to guide investors through multi-property acquisition.",7 contacts in Individuals list.
83e6941e-d99f-41d5-a55e-7dfd4f8b4e48,Dashdot,high,35,National,https://dashdot.com.au/,Property portfolio growth partner using proprietary tech and predictive models. #12 Fastest Growing Company Australia 2023.,Technology-driven. Investment-focused.
12e762b2-065c-4799-825c-8e9f82188581,Henderson Advocacy,high,25,NSW,https://henderson.com.au/,Founded 2021 by Jack Henderson. Rapidly growing (400% YoY). Investment and wealth education focus. Strong social media presence.,Founder built $23M portfolio by age 32.
513af560-1519-4367-b0c1-e445a7696a7d,inSynergy Property Wealth Advisory,high,23,NSW,https://www.insynergy.net.au/,Integrated property investment advisory combining finance brokering and strategic acquisition to help investors optimise borrowing and build scalable portfolios.,2 contacts in Individuals list. Unique integrated education + finance + acquisition model.
17ba4a54-a411-48b4-b714-24417732d89a,ASPIRE Property Adviser Network,high,20,VIC,https://www.aspirenetwork.com.au/,Network of independent property investment advisors providing unbiased investment advice.,"Network model, not single firm. PIPA Board represented."
1ea21a32-117b-43a6-8a2e-bbfd9d6c34a5,Fresh Start Advisory,high,16,National,https://freshstartadvisory.com.au/,Investment property buyers agency. Specializes in high-performing properties vetted against 72 data points. Targets high-income earners.,Exclusively investment-focused; SMSF expertise
010ef868-30ba-46ae-baf1-cb7c8c7e024e,Ramsey Property Wealth,high,15,QLD,https://www.ramseypropertywealth.com.au/,"Premium property investment advisory offering buyers advocacy, portfolio planning, and mortgage advice. Multi-award-winning.",Investment-focused advisory combining multiple services.
8c55f6ac-0798-4d0d-a2a9-cd8abb94180d,Search Party Property,high,10,NSW,https://searchpartyproperty.com.au/,Investor-exclusive buyers agent providing data-driven property sourcing and portfolio strategy guidance across all major Australian markets.,2 contacts in Individuals list.
be0d1e5a-b23a-4b1e-9075-6663be36f119,Compound Property,high,7,National,https://compoundproperty.com.au/,"Data-driven investment buyers agency sourcing high-growth and high-cashflow properties across Australia. Founder Ben Carrington uses data system analyzing 15,000+ suburbs.",Exclusively investment-focused; small team
4d3abd7d-5238-41d3-b0d7-276c26cdb572,High Income Property,high,5,National,https://highincomeproperty.com.au/,Investment property buyers agent leveraging data and custom strategies to source high-income residential properties across Australia.,Multi-state licensed. Data-driven.
8e4b589b-6887-455c-855b-7a191862fb1e,The Investors Agency,high,5,National,https://theinvestorsagency.com.au/,"Investment BA analyzing 15,264 suburbs monthly. $500M+ in deals. Targets 10%+ annual capital growth.",Investment-exclusive. Data-driven.
263df79a-cb3f-448a-8886-873277dc04ef,Search Property,high,5,National,https://www.searchproperty.com.au/,Founded by Ravi Sharma. Specializes in $500k-$900k established properties in high-performing regional markets.,Investment-exclusive. Regional growth markets.
5a48f8d8-6d7d-4f0a-bfc6-039443a5e2ba,Your Empire,high,5,National,https://www.yourempire.com.au/,Founded by Chris Gray (retired at 31 with $20M+ portfolio). Helps time-poor professionals build property portfolios.,Investment-focused. Services overseas investors/expats.
e6f3abc5-356d-4990-ae6d-f9f698340867,Right Property Group,high,5,National,https://rightpropertygroup.com.au/,"15+ year property advisory founded by Victor Kumar. Search, selection, negotiation, and ongoing investment guidance.",Investment-focused advisory. National.
a0aff15e-61c0-4608-aa16-a968314108f3,CH Secure,high,5,National,https://chsecure.com.au/,Affordable property investment buyers agency. Part of Cohen Group. Targets high-growth locations with strong rental yields.,OFFSHOOT of Cohen Handler. Investment-focused arm.
b53a4782-d1b7-469a-9ff0-0f98c5725ee3,Get RARE Properties,high,3,National,https://getrare.com.au/,"Data-driven investment property buyers agent across Sydney, Melbourne, Brisbane, Perth. Proprietary RARE Model and Property Wealth Blueprint.",Founded by Rasti Vaibhav. Strong investment focus.
770a995f-7e81-4d2d-994a-dedd28a614ed,Pure Property Investment,high,3,NSW,https://purepropertyinvestment.com/,"Investment property buyers agent led by Paul Glossop. Specializes in off-market, below-market-value, positively-geared properties.",Award-winning. Exclusive investment focus.
ae50ccd3-c7d4-4741-9544-6f89d93297e4,Buyers Agency Australia,high,3,National,https://buyersagencyaustralia.com.au/,"Investment property buyers agent serving Sydney, Perth, and Melbourne.",Investment-exclusive focus.
d5507489-36fd-4f81-ab3b-05d91c9cf32d,Asciential Property Group,high,1,NSW,https://asciential.com.au,"Qualified Property Investment Advisor providing investment advice, research, and portfolio management. Focus on property market cycles.","Boutique, investment-focused; QPIA qualified"
9cb0e9a5-143d-4396-8fdc-2efaefa9ead5,Mecca Property Group,high,510,VIC,https://meccapropertygroup.com.au/,Commercial and residential investment buyers advocacy. Completed 100+ transactions in 3 years; caters to high-net-worth and overseas buyers.,Investment-focused; HNW clientele; overseas buyer base
92c48600-18fc-444d-9f32-6a327074e566,Elite Buyer Agents,high,510,National,https://elitebuyeragents.com.au/,Investment-focused buyers agency operating nationally. Data-driven property selection for investors.,Investment-focused; national
b64aa0d3-6991-459b-819e-cbeac894dc54,AllenWargent Property Buyers,high,36,National,https://www.allenwargent.com.au/,"Boutique buyers agency founded by Pete Wargent. Focuses on residential and commercial investment in Brisbane, Central Coast, and Newcastle.",Pete Wargent is published author and media commentator
fec946a1-3ede-46ad-90ed-d59a18261b7d,Gather Property,high,15,National,https://gatherproperty.com.au/,Boutique buyers agency focusing on residential and commercial property acquisitions for Australian property investors.,Exclusively investment-focused; boutique model
08256be8-27a5-4cdd-8d66-2653f15d2dfe,Property Principles,high,35,NSW,https://propertyprinciples.com.au/,Data-driven buyers agency for busy professionals seeking investment-grade properties with capital growth and positive yields.,Exclusively investment-focused; no off-plan
440b1f25-b28c-4e2d-b274-42ea7700a801,Follio,high,15,VIC,https://follio.com.au/,Portfolio-focused property buyers agency. Name suggests investment/portfolio approach.,Investment-focused; boutique
9c6d5ecb-ebd8-425f-a38c-bfeea766659e,TR Buyers Agent,high,24,NSW,https://trsproperty.com.au/,Expert buyers agency specializing in investment properties. Works exclusively with experienced investors and SMSF trustees.,Identified as TRS Property Partners; SMSF specialization
11aac96d-f3c2-4521-959e-ccd741bdcf92,MCS Buyers,high,24,NSW,https://www.mcsbuyers.com.au/,"Specialist strategic real estate buyers agency in Sydney focused on investment acquisition, renovation, and development.",Exclusively investment-focused; strong expat/foreign buyer focus
66b500e0-3f3f-4d20-b46b-c5096db2f006,Property Strats,high,13,National,https://www.propertystrats.com.au/,Premier investment buyers agency founded by Steve Ash. Sources undervalued off-market properties with 15+ years experience.,Exclusively investment-focused; Buyers Agent of Year 2026
ccca9047-1a42-4e2f-a95a-1db7f3a3d6a9,Actuate Property,high,13,VIC,https://actuateproperty.com.au/,Melbourne-based investment property buyers agency. Independent strategic advice for building high-performance portfolios.,"Boutique, investment-focused"
66ae4284-7627-47bb-a8ab-bddd879094bf,Binnari Property,high,13,VIC,https://binnariproperty.com.au/,Melbourne-based buyers agency with investment portfolio focus.,Investment-focused; boutique
299e9e78-7f00-4765-8965-bf7b67997708,Caifu Property,high,13,VIC,https://caifuproperty.com.au/,Melbourne-based property investment advisory targeting Chinese-Australian investors. Specializes in investment portfolios.,Investment-focused; Chinese-Australian market
a35a0641-5f76-487a-b803-d16624b0d872,Envisage Property,high,13,VIC,https://envisageproperty.com.au/,Property investment advisory in Melbourne. Portfolio building and investment strategy.,Investment-focused; boutique
c4ecc4fc-37bd-44cb-a908-5a78117ccd29,Strat Prop,high,12,NSW,https://stratprop.com.au/,"Buyers agency analyzing demographic movements, infrastructure, and government initiatives for investment plans.",Investment-focused; Manly-based; CAD background founder
fb91d235-1842-4116-b7cf-8f32b3c8efa3,Avid Hawks,high,,NSW,https://avidhawks.com.au/,"Boutique buyers agent run by Michael Shaw specializing in investment properties. Two clients per week maximum, with focus on investor-centered portfolio building.",Individual/boutique operator; 15+ years experience
70c1df78-1b28-40ce-84b3-4b9d2ffcee0b,BuyFair Property Group,high,,VIC,https://buyfairproperty.com.au/,Property investment education business providing off-the-plan and new home investment sales. Focuses on mum-and-dad investors and wealth creation.,"Investor-focused; education, off-plan, NDIS/SMSF strategies"
5484f2a5-abc8-42ed-affc-9b4865d3b93e,Rising Returns,high,,National,https://risingreturns.com.au/,Investment property buyers agent using advanced data analysis and predictive models. Transparent fixed-fee model.,Tech-driven. Investment-exclusive.
9d37d408-1ccc-4eef-ae34-9e9e8e716deb,CAPITAL PROPERTY ADVISORY,high,,WA,https://www.cpadvisory.com.au/,Independent fee-for-service BA. REBAA+PIPA member. Led by Matthew Hughes (2025 PIPA National Property Investment Adviser of Year). Research-backed strategic advice and acquisition.,"REBAA National Committee member. PIPA Board Director. Perth-based, national reach. Investment incl SMSF. Client-paid, independent."
86012e30-811c-4f76-b1b0-a5b6d8042625,AUSWIDE BUYERS AGENCY,high,,National,https://auswideba.com.au/,"Investment-focused BA founded by Ashish Malhotra. Analyses 15,264+ suburbs using proprietary data. Residential, commercial, SMSF purchases nationally. 94% success rate at/below market value.","REBAA member. North Sydney. Founder built $4.5M portfolio in 7 years. Strong investment focus. Client-paid, independent."
dbce4331-5873-4d26-a2eb-4a3953b9648e,COMPLETE PROPERTY STRATEGIES,high,,SA,https://completepropertystrategies.com.au/,Adelaide BA led by Brian (20+ yrs). Licensed BA + mortgage broker + financial coaching consultant. Investment and OO. Off-market access. 39-day avg to find property.,REBAA member. Adelaide specialist. Investment strategy + acquisition. Client-paid.
8e1162d2-606d-44f0-a74d-80f1e32c0643,JAY ANDERSON PROPERTY,high,,NSW,https://www.jayanderson.com.au/,Independent BA — residential and commercial acquisition. Data-driven research and tailored investment strategy. REB Buyers Agent of Year finalist 2023.,REBAA+PIPA+PICA. QPIA accredited. Sydney-based. Strong investment + commercial capability.
d710cfc1-7c5c-4205-91c4-a810c5ed3de0,LONGVIEW,high,,National,https://rebaa.com.au/members/longview/,"Integrated residential property business: buying, advisory, management services and investment funds. Proprietary data science. REBAA member.",REBAA member. Unique model — includes investment funds. Strong investment focus with data science approach.
535f85ca-b807-4e1d-b621-a8450c9c0820,RESOLVE PROPERTY SOLUTIONS,high,,WA,https://resolvepropertysolutions.com.au/,Perth BA. $320M+ purchased for clients since 2020. Investment and OO. Led by Peter (REBAA WA State Rep). Off-market access.,REBAA member. Peter is REBAA WA State Rep. Strong investment focus. Family development background.
65a08414-6539-45a3-9ada-d452d1e55c17,SHARP PROPERTY BUYERS,high,,NSW,https://sharpproperty.com.au/,Independent BA on Central Coast NSW. Led by Matt Sharp (QPIA — Qualified Property Investment Adviser). 100+ 5-star Google reviews. REBAA+PIPA member.,REBAA+PIPA. QPIA accredited = investment qualified. Central Coast specialist. Investment + OO.
8cbae885-8df5-469e-bf94-0ad9ed09e2ad,Property Investment Project,high,5,QLD,https://propertyinvestmentproject.com.au/,Investment-focused buyers agency helping clients build property portfolios across Australia.,QLD-based; 3 contacts in Individuals list
58e7d6da-1a97-43d4-9093-86894ab0d155,Property Investment Store,high,10,National,https://www.propertyinvestmentstore.com.au/,"National property investment advisory providing end-to-end support for investors including research, acquisition and portfolio management.",3 contacts in Individuals list
3cdc23d4-3aa1-402b-9206-9a494ae92b62,Atlas Property Group,high,15,National,https://www.atlaspropertygroup.com.au/,Property investment firm offering buyers agency services with data-driven research across multiple Australian markets.,3 contacts; national reach
294a20f6-5410-4e4a-8734-60c5d9f1561b,Liberty Property Strategies,high,3,VIC,https://www.libertypropertystrategies.com.au/,Boutique property investment strategist helping investors build wealth through residential property across Melbourne and regional Victoria.,2 contacts
04d75b5a-60c6-4f27-ad20-e7517b86040b,Simply Wealth Group,high,5,NSW,https://www.simplywealthgroup.com.au/,Property investment advisory firm helping Australians build wealth through strategic property acquisition and portfolio planning.,2 contacts
2f7ed5de-cf45-4f72-85f9-3259c25c209e,Auspacific Property Investment Group,high,10,NSW,https://www.auspacific.com.au/,Property investment group specialising in sourcing high-growth investment properties for Australian and international investors.,2 contacts; strong international investor focus
500d01e9-93d5-40d5-8d65-9d11018b1f62,Bryson Buyers Agents,high,2,NSW,https://brysonbuyersagents.com.au/,Boutique buyers agency focused on investment property acquisition in Sydney and surrounding regions.,
28f472fe-09b6-42d3-8506-9a1523dbe44b,Russell Napier Buyers Agent,high,1,VIC,https://www.russellnapier.com.au/,Solo buyers agent specialising in investment and owner-occupier property purchases across Melbourne.,Solo operator
da55a86a-6186-4a60-8bc2-88e1961de009,Admire Property Group,high,3,VIC,https://www.admirepropertygroup.com.au/,Investment-focused property advisory helping clients build portfolios with data-driven research across Australian metro and regional markets.,
00bc0b36-40bb-4c90-8a31-695c304b8def,Ascend Property Advisory,high,2,QLD,https://ascendpropertyadvisory.com.au/,QLD-based property investment advisory providing strategic acquisition guidance for investors targeting capital growth.,
eece751b-272c-4032-a807-8ef4eed78174,EQ Property,high,2,NSW,https://www.eq-property.com.au/,Data-driven buyers agent focused on capital growth through organic and manufactured growth in Sydney and Newcastle.,Founder Giles Hill; REBAA-listed
7b486b0c-b641-4017-bb93-642e33703217,IDentity Property Buyers,high,2,VIC,https://identitypropertybuyers.com.au/,"Boutique buyers agency specializing in investment-grade residential properties across Melbourne, Ballarat, Geelong, and Surf Coast.",Founded 2019; PIPA member
4df87e27-3883-409d-a7f1-16ca9f736e4e,Jag Property Advisory,high,1,National,https://www.jagpropertyadvisory.com.au/,Investment-focused buyers agent with tailored strategies across Australia to identify high-quality properties matching investment goals.,Founder transitioned from healthcare; BAI-trained
49054b23-5cb2-4f30-88ee-10678006ee2d,Smarter Property Investing Pty Ltd,high,1,VIC,https://smarterpropertyinvesting.com.au/,Property investment strategist offering guidance on safe investment strategies for Australian families.,Christine Williams (30 yrs exp); licensed VIC/NSW/QLD
912bca01-5eae-47e8-aa99-7bb3aa93239d,Ally Property Group,high,3,WA,https://allyproperty.com.au/,Property investment advisers crafting personalized strategies for Australian expats and residents with cash flow modeling.,Based South Perth; expat specialist
2ccf3f31-2c91-432f-bc4b-78fce553d0f1,Inview Property Group,high,3,VIC,https://inviewpropertygroup.com.au/,"Buyers advocacy and vendor advocacy with expert guidance for home buyers, investors, and developers across Melbourne.",Founded 2018; REBAA-accredited; 98% referral-based
a2d33a6a-a140-45aa-9dd2-af9c6e242c03,Simple Property Investment,high,2,QLD,https://simplepropertyinvestment.com.au/,"Independent property investment advisory providing ethical, transparent guidance and portfolio strategies across Australia.",Founded 2010; ASPIRE Network accredited; PIPA member
8abb838e-5bcf-4417-8900-234788a41bbf,The Investment Property Guys,high,2,QLD,https://www.theinvestmentpropertyguys.com.au/,Investment property advisors specializing in SMSF property investment strategies to accelerate superannuation returns.,SMSF specialist; QLD-based
150af483-d06f-4118-b7dd-efc4cf998fbf,20-20 Property Advisory,high,2,QLD,https://20-20propertyadvisory.com.au/,Research-based property advisory specializing in identifying above-average capital growth properties with focus on exit strategy.,Founded by Mike Anderson; 20 years exp; geographic housing research model
045c3ff8-ae0c-4a30-8cff-f624787d63d2,Property Investors,high,69,VIC,https://propertyinvestors.com.au,"Property investment consulting firm helping Australians build portfolios through expert strategists. Research-to-purchase model with nationwide coverage across Melbourne, Sydney, Brisbane, Perth.","18 contacts in Individuals list. Founded 2014, Carlton VIC based. 2000+ clients served."
ab3aa9d2-5f3a-46b8-8668-1ee04d82eba9,Wealth for Life,high,15,VIC,https://wealthforlife.com.au,"Property investment advisory and wealth education firm. End-to-end service: land sourcing, home building, finance, tenant placement. Predictive investment model focused on financial literacy and passive income.",3 contacts in Individuals list. Founded by Anthony Peluso. $1B+ in property acquired for clients. South Melbourne based.
135398db-b1e2-45f2-84fb-a1db1f893b68,National Investment Advisory,high,7,VIC,https://nationalinvestmentadvisory.com.au,"Specialist investment advisory offering property wealth planning, mortgage finance, SMSF property investment. LEAP Roadmap methodology with 400+ success stories. Offices in Melbourne, Sydney, Brisbane.",2 contacts in Individuals list. Founded 2018 by Matt Bower. $798M+ in property secured for clients.
6b70452f-d8d3-4d10-94c2-e520100f3ec6,PMC Property Buyers,high,22,NSW,https://pmcproperty.com.au,"Buyers agents and property investment advisors across Sydney Northern Beaches, Brisbane, Newcastle, Melbourne, Gold Coast, Sunshine Coast. Team includes ex-valuers, senior selling agents, QPIAs. Home buyers + investors + expats.",1 contact in Individuals list. Manly-based. Strong off-market access. Also serves downsizers and prestige buyers.
b8a947c4-ae06-432e-bf2d-77265b85e1fa,Monopoly Wealth Property Buyers,high,3,QLD,https://monopolywealth.com.au,"Licensed buyers agency and QPIA on the Sunshine Coast, Brisbane and Gold Coast. Independent — no properties for sale. Services: buyers advocacy, SMSF investments, property portfolio planning, property research (Australia-wide). Also mortgage broking.",1 contact in Individuals list. Founded by Jaye Kershler (QPIA). Sunshine Coast based.
8479f483-37eb-4a1f-a895-3817ded5058b,Ally Property Group (Individuals),high,2,WA,https://allypropertygroup.com.au,NOTE: Already in Excel as 'Ally Property Group' (row 147). This is the same company — additional contact from Individuals CSV added here for reference.,1 additional contact found in Individuals list. Already tracked — merge LinkedIn below into existing entry.
70ed29dd-da12-4471-a415-d30adeeefab8,Aurum Advisory,high,5,NSW,https://aurumadvisory.com.au,"Boutique buyers agency in Sydney. Full-service: sourcing, due diligence, negotiation, auction bidding, property management. Strong prestige/Eastern Suburbs focus. Team includes Tammy Soglanich (250+ purchases) and Leon Jacques.",Founded by Leon Jacques & Sammi. Strong Google reviews. Sydney and beyond.
33db663e-37f9-4159-a150-bbffc254d855,Buyers Butler Buyers Agency,high,8,QLD,https://buyersbutler.com.au,"Boutique buyers agency servicing Brisbane, Sunshine Coast, Gold Coast, Melbourne, Sydney, Townsville, Far North QLD. Average 21-day property find. $25M secured last FY. Off-market access, 5-star Google reviews.","Founded 2021, Albany Creek QLD. Growing national footprint with agents across multiple states."
5c1aa3d2-de71-4a5c-892e-14f2ce023513,Hot Property Specialists Buyers Agency,high,3,QLD,https://hotpropertyspecialists.com.au,"Brisbane buyers agency, one of SE QLD's longest running. Full service: investment, home buyer, renovation consulting, vendor advocacy, portfolio management, auction representation. Founded 2008 by Liz Wilcox, now run by Zoran & Maddyson Solano (2nd gen). REBAA member.",Greenslopes QLD. $6.5M revenue. 3rd generation property investors. Award-winning.
5c32fdf8-3fd3-4043-b3bf-659eda77b47c,Adviseable,high,5,VIC,https://adviseable.com.au,"Licensed BA & QPIA. Australia-wide investment property search and home buying. Fee-for-service model, no stock. Founded by Kate Hill (co-author ""The Female Investor"", top 2 YIP Adviser of Year). Team: Kate, Alex (15yrs), Sybil, Kathy. REBAA & PIPA member. Services: full BA, strategy, due diligence, negotiation, PM referrals, subdivision/development.",Strong brand. Multi-state licensed. Emphasis on investor education. Development advisory capability.
abb78cbb-ec17-4a87-9b04-162ce65c74b8,House Hunters Australia,high,3,NSW,https://househunters.com.au,"Boutique Sydney BA. Licensed in NSW & QLD. Residential & investment specialist. Founded by Valeria Davis (20+ years RE experience). Fixed pricing from $5,500. Takes only 1-2 new clients/month. Full service: sourcing, due diligence, negotiation, auction bidding, settlement. Off-market/pre-market access. 100% success rate claimed.",Strong digital presence. Case studies show results (e.g. $2.45M to $3.4M in 12 months). Sydney Eastern Suburbs focus.
6026e8d4-5008-446a-a1a2-948085e91338,Iconic Investing,high,3,QLD,https://iconicinvesting.com.au,"Brisbane-based BA. Services: first home buyers, investors, expats/overseas buyers, SMSF investors. Data-driven strategies, portfolio management, suburb analysis. End-to-end: search, finance strategy, tax structuring, purchase. Investment-focused with strong SMSF capability. Testimonials from interstate investors.",Investment-first positioning. SMSF specialisation differentiator. Serves expats remotely.
d7ab8cf5-6ee8-4d3f-8a59-9b1401a67dcc,PropXperts,high,9,VIC,https://propxperts.com.au,"Fast-growing BA. Co-founded by Dinesh Goyal (ex-railway engineer) & Manish (IT background, 3 Master's degrees). Data-driven approach. 100+ happy clients. 15+ deals/month. Melbourne-based, serves nationally. Services: property search, investment strategy, due diligence, negotiation, interstate buying. Team of 9 (many former clients). Active content/education platform.",Rapid growth story. Strong digital/content marketing. Interstate investment focus.
c29cd695-5aa4-4d4b-8e4c-61ecb0a214bc,Propertify Me,high,2,VIC,https://propertify.me,"Melbourne BA. Founded by Amit Jadonn (Licensed BA, Masters in Business & Accounting, NLP Practitioner). Goal: help 100 buyers/year. Target: '10 properties in 10 years'. Residential & commercial, Australia-wide. Services: sourcing, financial analysis, due diligence, negotiation, mentoring. Creator of First Home Buyers Course & Residential Investment Course.",Solo operator with education focus. Residential + commercial. Wealth coaching angle.
331caddf-552a-4a8b-a8cf-17f3abbc2d0c,MSISA Property and Consulting Agents,high,5,NSW,https://msisaproperty.com.au,"BA & property consulting. Founded by Sanders Muleya (15 properties across AU, ex-nurse turned full-time investor). Licensed: REIV, REINSW, REIQ, PIPA member. Services: BA, property advisory, vendor advocacy, SMSF investment, portfolio management. '10x Property System' methodology. Author of 2 books. 150+ investors helped. Bella Vista NSW office. Also has development arm (MSISA Property Developments).",Multi-state licensed. SMSF expertise. Strong personal brand/story. Development capability.
8c9a1922-d23b-46bc-87fe-a91f7e604613,Marvel Realty,high,5,NSW,https://marvelrealty.com.au,"BA & property investment company. Founded by Eddie Urra (investing since age 19). Fixed fee BA service. Services: buyers agent, property appraisal, property management, SMSF investment. Focus: existing properties, off-market access, investment property sourcing. Operating since 2005. Also known as Marvel Invest.",Long-established (2005). Fixed fee model. Existing property + SMSF focus.
7fdd2980-093d-4f8b-aeea-a2459420c162,Rethink Investing,high,50200,New South Wales,https://rethinkinvesting.com.au,"Australia's largest commercial buyer's agency. Also residential via Rethink Residential. REBAA member. $3B+ in acquisitions, 70% off-market. Founded by Scott & Mina O'Neill.",Moved from Investment Strategists after research. Major industry player.
82c5a6cf-aa45-41ed-84fa-f2506b293a37,Property Lions,high,1150,New South Wales,https://propertylions.com.au,"Commercial property buyers agency. Acquires assets $5M-$25M for HNW investors. Led by Will Tong (24yrs, 600+ transactions, $3.5B). XCommercial partner.",Moved from Investment Strategists after research. Boutique commercial BA.
d40f853e-b10b-4a78-b496-80cc42fa4a25,360 Buyers Agents,high,2,National,https://www.360buyersagents.com/,Family-run investment-focused buyers agency. Explicitly portfolio-focused — helps investors replace income through property. Targets cash flow positive properties and multi-property strategies.,Michael & Aaron Short. 35 years combined experience. Investment-only focus.
cb4baee6-6002-4c3d-9540-23b65c1b934d,Aus Property Professionals,high,8,National,https://www.auspropertyprofessionals.com.au/,Multi-award-winning investment-focused buyers agency founded by Lloyd Edge (author of Positively Geared & Buy Now). Portfolio strategy over 5-15 year horizons. Equity growth specialists.,REINSW Buyers Agent of Year 2024. Strong portfolio/strategy focus. National coverage.
66278100-6780-48a8-bab7-a50b60426c67,Taylored Property Wealth,high,4,National,https://tayloredpropertywealth.com.au/,"Boutique investment-focused buyers agency run by Casey Taylor. Specialises in helping investors build high-performing property portfolios. Newcastle, Brisbane, Adelaide, Perth. Multi-property strategies.",Investment-only focus. Portfolio diversification. Growing team. Strong PropPath fit.
5e4b4079-b5a3-48d9-87db-77b4f6e3b532,Elite Wealth Creators,high,3,National,https://elitewealthcreators.com/,"End-to-end property investment company. Integrated ecosystem: strategy, buyers agency, finance, and property management. Multi-property portfolio building. SMSF and NDIS investment specialists.","Strong portfolio focus. Talks about decade-long roadmaps, lifecycle partnerships, equity unlocking."
53470ece-a7d5-45f3-8e0c-217996ab77e4,IFP Advisory,high,2,National,https://www.ifpadvisory.com.au/,"Property investment advisory and buyers agency. PIPA member (QPIA). Turn-key investment process: strategy, property sourcing, finance, insurance, management. Portfolio building focus. ASPIRE Advisors Network partner.",Strong investment focus. Portfolio building. Education-led. PIPA member. Good PropPath fit.
0746859e-8adb-4251-90b1-32da5399434e,Inspire Realty,high,4,National,https://inspirerealty.com/,Award-winning property advisory and buyers agency founded by Colin Lee. Focus on building profitable property portfolios for long-term financial security. Brisbane/Sydney/Melbourne. Education + investment strategy + buying.,Strong investment focus. Portfolio building. Smart50 winner. Compounding wealth strategy. Good PropPath fit.
f92cefe0-3bd8-4d23-84e1-d1f008a20671,Investors Dream,high,2,National,https://investorsdream.com.au/,Pure investment-focused buyers agency run by Sanjeev. Specialises in positive-cashflow properties with capital growth. Portfolio building with education focus. National sourcing.,Investment-only. Portfolio education. Multiple purchases per client. Strong PropPath fit.
2ef70809-5224-417f-9811-4acf9d59a3e8,Milk Chocolate Property,high,10,NSW,https://www.milkchoc.com.au/,"Full-service property firm with Game Plan strategy, data-driven portfolio building, buyers agency, construction/renovation, and property management. Projects $5M+ portfolio surpluses for clients. Multi-property investment focus with in-house economists and data scientists.",Strong PropPath fit. Portfolio building. Multi-property strategies. Data-driven. National reach.
46db771a-ccae-4452-a109-54f3a86c811b,Pumped On Property,high,10,National,https://pumpedonproperty.com/,"Pure investment-focused BA. Portfolio building for financial freedom. $550M+ worth of investment property bought since 2015. Annual performance reviews. Multi-city (Sydney, Newcastle, Brisbane, Gold Coast, Sunshine Coast, Melbourne, Perth).",Strong PropPath fit. Portfolio building. Multi-property strategies. Financial freedom focus. Education/mentoring.
b3d2d95d-556a-4254-b42b-c4ab52ea279f,Property Mavens,high,5,VIC,https://www.propertymavens.com.au/,Melbourne-based investment-grade property specialist. Accredited Property Investment Advisor. 57-point investment checklist. $500M+ bought. Author of 'Property Prosperity'. REIV Buyers Agent of Year 2021. Australia-wide network.,Strong PropPath fit. Investment-grade focus. Portfolio strategies. Evidence-based. Multi-award winner.
891933dc-56f5-432f-9d94-635a35e241d3,Palise Property Buyers Agency,high,8,National,https://www.paliseproperty.com/,National buyers agency specialising in commercial and residential investment property. 2000+ acquisitions. Led by Steve Palise. Commercial Property Institute education platform. Passive income and portfolio building focus.,Strong PropPath fit. Investment-only. Portfolio building. Commercial + residential. Education platform.
6aeb506b-c51c-4a7e-b8eb-fb3800a62ef4,Pinnacle Buyers Agents,high,4,QLD,https://www.pinnaclebuyersagents.com.au/,"Brisbane-based investment-focused buyers agency. Proprietary investment methodology. Data-backed, portfolio fast-tracking strategy. Capital growth, rental yield and vacancy rate analysis.",Investment methodology. Portfolio fast-tracking. Data-driven. Strong PropPath fit.
1cb3a210-9c31-4326-bfba-9d8c7f39e689,Seekology,high,2,National,,"Exclusively for property investors. Searches nationally for outstanding investment opportunities, evaluates suitability and negotiates price on behalf of buyers. Investment-only practice.",Pure investment focus. National scope. Strong PropPath fit.
0ad38569-b97e-4563-932f-8f456b825556,Your Property Your Wealth,high,8,National,https://www.yourpropertyyourwealth.com.au/,REB Buyers Agent of Year 2025. Led by Daniel Walsh. Builds diversified portfolios mixing capital growth and cash flow properties. Proprietary research platform. Passive income retirement focus. 100% fee refund guarantee.,Strong PropPath fit. Portfolio diversification. Passive income. Award-winning. Multi-property strategies.
4e8a9f2a-a432-4127-a2d9-3c34e6b8b8af,Strategic Property Group,high,8,WA,https://www.strategicpropertygroup.com.au/,"Perth's only full-service property investment consultancy. Led by Trent Fleskens (PIPA Qualified Property Investment Adviser). BA + mortgage broking + PM + subdivision. Wealth creation, salary-replacing income, portfolio management. $250M+ projects. Perth Property Show podcast.",Strong PropPath fit. Full-service investment. Portfolio management. Wealth creation. PIPA qualified.
84c24b1e-6503-403c-bdff-3269bf94efaa,The Edge Property Buyers,high,3,QLD,https://theedgebuyers.com.au/,"Brisbane/Sunshine Coast investment-focused BA. Data-driven, scientific approach to property investment. 'Serious about building wealth through property.' Capital growth and rental yield focus. Warren Buffett-style rational investing approach.",Strong PropPath fit. Investment-only focus. Data-driven methodology. Wealth building.
466464f6-9bcf-4d48-9c01-99f4eeb84571,Ironfish,medium,214,National,https://ironfish.com.au/,Large investment property company with dedicated Property Investment Strategists guiding clients through portfolio building and wealth creation.,39 contacts in Individuals list. Investment-focused education + acquisition model.
dcfa99d9-8b23-499c-9fd7-2d7473ec5585,Cohen Handler,medium,94,National,https://cohenhandler.com.au/,Australia's largest property buyers agency. Prestige/luxury focus with investment acquisitions. $10B+ purchased.,PRIMARILY prestige/principal purchase. CH Secure is investment-focused offshoot.
f5057bab-8c76-4c57-a2ba-10ed73747366,Empire Property Investors,medium,40,VIC,https://empireproperty.com.au/,"Buyers agent handling residential and commercial investment property acquisitions, with a mix of investor and owner-occupier clients.",5 contacts in Individuals list.
4a6e1d92-0aab-4a7f-bc7e-333807304818,Propertybuyer,medium,30,National,https://www.propertybuyer.com.au/,"Australia's most-awarded independent buyers agency. 50+ awards. Founded 2001 by Rich Harvey. 5,000+ properties secured.",Mixed clients (home buyers + investors). National.
982f563f-8557-40fd-bbcc-8cae4e3afeb0,Blue Wealth Property,medium,25,NSW,https://www.bluewealth.com.au/,Independently-audited property research firm providing investment-grade data and off-market access with a 40% repeat investor rate.,4 contacts in Individuals list. Only independently-audited research model in AU.
9a2eed4b-2fbf-4c07-af7f-a259d64fa83b,Integrity Property Investment,medium,20,QLD,https://www.integritypropertyinvestment.com.au/,"Education-first property investment consultancy hand-picking growth and cashflow properties, with veteran-owned team and structured mentoring.",4 contacts in Individuals list. Veteran (ex-ADF) owned.
33987fad-986f-45e5-83c7-fd3e1d46fd1c,PK Property,medium,8,NSW,https://pkproperty.com.au/,"Sydney's first buyers agency since 1997. 2,000+ properties ($6B+ value). Home buyers, investors, expats, corporate.",Mixed client focus. Sydney pioneer.
f5dd9416-c1cd-47a9-9b6f-579c18c64fbd,Streamline Property Buyers,medium,6,QLD,https://streamlineproperty.com.au/,Boutique Brisbane buyers agency serving home buyers and investors. REIQ Buyer's Agency of Year 2023.,Mixed clients. QLD-focused.
92884a8e-8ef9-4e83-afe8-ddc063bf6f0f,Good Deeds Property Buyers,medium,5,NSW,https://gooddeeds.com.au/,"Founded by Veronica Morgan. Acts as buyers agent for both OO and investors in Inner West Sydney, Eastern Suburbs, Lower North Shore, Gold Coast.",Co-host of Location Location Location Australia (Foxtel). Mixed clients.
c1e9857c-f721-47df-a5c3-f494be69f109,The Property Baron,medium,3,QLD,https://www.thepropertybaron.com.au/,"QLD-based buyers agency for Sunshine Coast, Noosa, Brisbane, Gold Coast. Both home buyers and investors.",Mixed client focus. QLD concentrated.
681a7356-fce3-47ad-91ed-adf413d3b5e9,Hunter James,medium,3,NSW,https://hunterjames.com.au/,"Sydney-based boutique buyers agent. Eastern Suburbs, Lower North Shore, Inner West.",Mixed client base. Sydney focus.
8115147b-88be-4b15-82da-a8f96f8b6be1,"Andrew Fried, Buyer's Advocate",medium,1,VIC,,Individual buyer's advocate operating in Victoria.,Individual operator; limited info
fc921a70-2c6b-4701-a1c0-1df3b27881b0,"Ashley Pollerd, AJP Buyers Agents",medium,1,Unknown,,Individual buyer's agent.,Individual operator; limited info available
f72b22c6-4f1a-4991-843e-67da9156abdc,Cas Advocacy,medium,1,VIC,,Boutique buyers advocate in Victoria.,Individual operator; limited info
26595058-90fc-4efa-ac53-2395e6a4e33d,"Danielle Mackay, Exchanged Buyers Agent",medium,1,NSW,,Individual buyers agent.,Individual operator
4fe440dc-fd08-4d2f-b166-4b0bf0c28e35,Wayfinder Agency,medium,1020,National,https://wayfinderagency.com.au/,"Australia-wide buyers agency serving first-home buyers, families, investors, and developers.",Mixed buyer types; national coverage; medium-sized team
b6e998d9-1415-4435-993d-ae2ea9512160,1Group,medium,815,National,https://www.1group.com.au/,"Property advisory and buyers advocacy with offices in Melbourne, Sydney, Brisbane. Investment advice and healthcare professional services.",National coverage; mixed buyer types
25b891c6-e832-453c-acce-c162f1bf6a10,Brady Marcs Buyers Advisory,medium,510,National,https://bradymarcs.com.au/,Buyers advisory operating across Australia for both home buyers and investors. Multiple office locations.,Mixed buyer types; has Canberra office listed separately
ee8e3efc-d742-4f58-b1d2-c8fd4a3db5af,DMC Property Advisory,medium,38,NSW,https://www.dmcproperty.com.au/,"People-first property advice in Sydney offering buyers advocacy, sales advisory, and investment portfolio reviews.",REB Buyers Agent of Year 2023; serves families and investors
ac56b19d-26d3-4d76-9e93-ad28fd7d8a91,EliteCove,medium,15,VIC,https://elitecove.com.au/,"Buyers agency in Albury-Wodonga serving investors, first-home buyers, upsizers, downsizers across Australia.",Serves both investors and owner-occupiers
5e30c1c4-2ca9-4b56-89cb-ae389b87d3aa,Citylife International Realty,medium,15,VIC,https://cityliferealty.com.au/,Melbourne-based real estate agency with international buyer focus.,Not purely a buyers agent; real estate agency
5bdf1b2c-deec-4ee3-b118-3a087b908ce7,McPherson Buyers Agency,medium,13,Unknown,https://mcphersonproperty.com.au/,Buyers advocate service for home and investment property purchasers. Qualified agents working exclusively for the buyer.,Works with both home buyers and investors
faa117f5-cd64-4120-8d46-b2438f01878e,Retain Property,medium,13,National,https://retainproperty.com.au/,Negotiation-only buyers service operating Australia-wide. Handles price negotiations on pre-found properties.,Negotiation service only; both investors and OO
f79b5b53-78e4-4bef-b7af-55fe43275c87,Trade View Property,medium,13,VIC,https://tradeviewproperty.com.au/,Buyers advocate and property broker based in Geelong for residential and investment property acquisitions.,Serves both OO and investors; Geelong-based
656c04d6-c02b-4324-9efb-42ea692b6bff,Ellam Property Buyers,medium,13,SA,https://ellamproperty.com.au/,"Adelaide-based buyers agent. Serves first-time homebuyers, seasoned investors, and overseas buyers.",Mixed buyer types; SA-focused; REBAA/PIPA qualified
bc5a99f9-8bc4-494f-b735-069ce249d341,Alaya Property,medium,13,QLD,https://alayaproperty.com.au/,Brisbane-based buyers agency serving investors and owner-occupiers across SE Queensland.,Mixed buyer types; QLD-focused
6ebb75e6-dc52-4019-a7f6-b744f1b32bad,Asset Buyers,medium,13,Unknown,,,Limited info; could not confirm website or focus
d8c1273b-5fd4-4a7a-9d0e-1a1187c3e39f,Azure Buyers Agents,medium,13,QLD,https://azurebuyersagents.com.au/,Queensland buyers agency serving both home buyers and investors.,Mixed buyer types
d7237d0d-f59c-4846-a768-f7f0b466dfb9,BFP Property Buyers,medium,13,Unknown,,,Limited info available
dc781ab3-bb93-47dc-82f8-40428fce50b1,Buyers Advocate Perth,medium,13,WA,,Perth-based buyers advocate.,Limited info; WA-focused
6727a851-b282-4a8f-849b-32abcbd10828,Buyers Agents Tasmania,medium,13,TAS,https://buyersagentstasmania.com.au/,Tasmania-based buyers agency serving home buyers and investors across the state.,Mixed buyer types; TAS-focused
4db6efaf-2973-4fec-9b81-8ea23e227a33,Cate Bakos Property,medium,13,VIC,https://catebakos.com.au/,Well-known Melbourne buyers agent and media commentator. Serves home buyers and investors. Named REIA Buyers Agent of Year multiple times.,High-profile media presence; mixed buyer types; REIA award winner
093e5b23-8ed8-4139-804b-cb0d78f956db,Citadel Property Agency,medium,13,Unknown,,,Limited info available
e6f527fc-1241-403f-b070-7209a56fd625,Domain & Co,medium,13,VIC,,,Limited info; may be confused with Domain.com.au
5c2968b9-fbf8-4228-b420-c8efd8832174,Edge Property Solutions,medium,13,Unknown,,,Limited info available
e8ead3aa-8d50-4700-8941-c4ac0ab677da,Enjoy Property Group,medium,13,Unknown,,,Limited info available
6692a55d-22b9-4b8b-8751-e7fc6dfa4ab0,Exclusive Property Buyers,medium,13,VIC,,Melbourne-area buyers agency.,Limited info
d123f028-db38-4621-89a2-32de278a692a,Gault & Co Property Advisory,medium,13,Unknown,,Property advisory firm.,Limited info available
9bf810ee-8bce-4c28-a342-1097eddbb0ae,Witherspoon Property Buyers,medium,12,Unknown,https://witherspoonproperty.com.au/,Boutique property buying service. Helps clients find properties and build investment portfolios.,Small operator; both investors and OO
0f0bd3c8-93a4-4f1a-8f83-8368ce49e2ac,Aleksandra & Co Buyers' Agency,medium,12,NSW,https://aleksandraco.com.au/,Boutique Sydney buyers agency serving homebuyers and investors in the Sydney metropolitan area.,Small operator; mixed buyer types
9fe0ddfc-e169-4ec3-8432-0325fd86fd7e,Felix Thomas Advisory,medium,,Unknown,https://www.felixthomas.com.au/,Property advisory serving clients wanting to invest in Australian real estate. Provides guidance on both residential and commercial properties.,Limited information; mixed buyer types
17b0a149-b13f-4a26-a412-5dabab32100f,CLARKE BUYERS AGENTS,medium,,NSW,https://www.clarkebuyersagents.com.au/,"Sydney-based BA. REBAA member. Helps buyers find homes. Organises inspections, tradesmen, builders.",REBAA member. Appears primarily OO-focused. Sydney.
53462b54-0f95-4fad-a199-b39ee6143067,DAVIDSON PROPERTY ADVOCATES,medium,,VIC,https://rebaa.com.au/members/davidson-property-advocates/,"Melbourne & Mornington Peninsula buyer advocacy. Sourcing premium property, auction bidding, contract negotiation. Led by Tonya Davidson.",REBAA member. Primarily OO/lifestyle. Also offers sales advisory.
54f0b7bb-c767-44a6-9550-78c930301964,HOME SCOUTS BUYERS AGENCY,medium,,QLD,https://homescouts.com.au/,Sunshine Coast & Brisbane BA. QPIA accredited (investment qualified). OO and investment since 2020. Led by Bronwen (REBAA exec committee).,REBAA exec committee. PIPA Awards finalist 2024/2025. Investment + OO.
fc4f012d-69f5-4ca2-8026-eeb6f639e58d,JL PROPERTY BUYERS AGENT,medium,,VIC,https://rebaa.com.au/members/jl-property-buyers-agent/,Melbourne-based BA founded by Dr Jenny Jia. REBAA member.,REBAA member. Boutique operation.
2f4a6259-2b82-49d7-9064-39bf436d4a66,LOCALITY PROPERTY BUYERS,medium,,QLD,https://rebaa.com.au/members/locality-property-buyers/,Small boutique Brisbane-based BA led by Serena Jones. REBAA member.,REBAA member. Boutique.
482db499-1c61-4a98-a4fb-77e168e06753,LP ADVISORY,medium,,VIC,https://rebaa.com.au/members/lp-advisory/,Melbourne buyer advocacy by Lou Lihari (licensed agent/builder/former auctioneer) and Alana Prideaux. Deep insider knowledge of how selling agents operate.,REBAA member. Top 10 Melbourne BA. Strong negotiation pedigree.
5956edcc-8371-4937-9c2a-c6c31ac5fc1e,MORISH BUYER'S AGENCY,medium,,NSW,https://rebaa.com.au/members/morish-buyers-agency/,REBAA-listed buyers agency.,REBAA member. Premium Sydney market.
39b9cc71-8cf3-4964-bf90-a6e9b1715111,OPEN DOORS BUYERS AGENT,medium,,NSW,https://rebaa.com.au/members/open-doors-buyers-agent/,"BA servicing Newcastle, Lake Macquarie, Maitland & Hunter Valley. REBAA member.",REBAA member. Regional NSW specialist.
072fe1fd-8965-41e6-b5aa-a8aa7c56d5ba,PRECISION PROPERTY BUYERS AGENCY,medium,,QLD,https://precisionpropertybuyers.com.au/,Boutique BA: Brisbane West / Ipswich to Toowoomba incl rural/acreage. Led by Melinda Granzien (QPIA). REBAA QLD State Rep.,REBAA+PIPA. QPIA accredited. Niche regional focus. Investment + lifestyle.
f5546d70-0375-4051-8700-ab4d791e900a,PURCHASE WITH PENNY,medium,,NSW,https://rebaa.com.au/members/purchase-with-penny/,Sydney BA. Founder was property lawyer (strata specialist) then Head of Home Loans at two major banks. Unique legal+finance+BA expertise.,REBAA member. Solo operator. Strong credentials: law + banking + BA.
d4eb493f-a40b-4a52-bc0d-14ad2a104906,SARAH KAYE & CO BUYERS AGENTS,medium,,NSW,https://sarahkaye.com.au/,Northern Beaches & North Shore Sydney BA. 75%+ off-market purchases. Sarah (ex-sales agent) + Mike (20yr advisory). REBAA+REINSW+AICD.,REBAA member. Prestige market. Primarily OO but also investment.
81bb3f63-b511-434c-a6da-816dcfe4c0c6,SELECT PROPERTY ADVOCATES,medium,,VIC,https://selectpropertyadvocates.com.au/,"Melbourne BA with 50+ years combined experience. Led by Carly Susic. Strategic, tactical buying. OO and investment.",REBAA member. Buyer + vendor advocacy. Melbourne specialist.
5d412d74-3a53-4b2c-8174-56866002d3f5,SETLR,medium,,QLD,https://rebaa.com.au/members/setlr/,"Greater Brisbane BA. Led by Simon (REBAA QLD State Rep). Personalised service for homes, investments, commercial property.",REBAA member. Simon is REBAA QLD State Rep. Homes + investment + commercial.
b212c69d-7fb9-4927-b20d-fc5e1c7005a6,THE INFORMED BUYER,medium,,QLD,https://www.theinformedbuyer.com.au/,Boutique Brisbane BA led by Jayne. REIQ Buyers Agent of Year finalist 2025. Off-market access. Helps relocators and investors. REBAA member.,"REBAA member. Boutique. Media contributor (realestate.com.au, Domain). Investment + OO."
616ae5ad-a3e0-4635-b326-9b76a212b4f0,McGowan Property Buyers,medium,,NSW,https://rebaa.com.au/members/mcgowan-property-buyers/,"Boutique exclusive BA led by Catherine McGowan (30+ yrs RE, BA since 2011). North/Northwest Sydney suburbs specialist.",REBAA member. Solo. Hyperlocal. OO and investment.
945bb030-50fe-4b3a-b7d8-52de2c99a882,ABODE ADVOCACY GROUP,medium,,VIC,https://abodeadvocacygroup.com.au/,Melbourne BA led by Matt Scafidi (REBAA VIC State Rep). 50% fee refund satisfaction guarantee. Buyer and vendor advocacy.,REBAA member. Matt is REBAA VIC State Rep. 16+ years experience.
91377155-d2ea-45fd-bf76-17e3a304c2f2,Total Property Group,medium,5,QLD,https://www.totalpropertygroup.com.au/,QLD-based property group offering investment property advisory and management services.,2 contacts
7b2cb924-fa11-403f-a72f-871d55333e79,Lux Buyers Agents,medium,2,NSW,https://www.luxbuyersagents.com.au/,Prestige-focused buyers agency targeting luxury and high-end residential property in Sydney.,More prestige than investment focused
916ea183-7439-45fc-b3c8-e585b1d21e49,Investment Property Wholesalers,medium,5,VIC,https://www.ipwinvest.com.au/,Simplified tenant-ready investment property solutions specializing in off-market acquisitions with SMSF support.,"Wholesale model, not traditional BA"
673793d6-e995-4820-b0b6-27cf62b01705,Positive Property Solution,medium,6,SA,https://positiveproperty.net/,Property investment mentoring using the Markoski Method to help Australians create financial freedom through strategic acquisition.,"Founded 1997; mentoring/education model, not traditional BA"
dd852bf5-48df-4081-b8a2-a6c2c884e044,Positus - Property Investment,medium,3,NSW,https://www.positus.com.au/,Investment property specialist placing investors in residential/commercial properties with comprehensive advisory support.,Founded 2008; no out-of-pocket fee model (paid by developers)
c54d925e-da24-46e2-9502-f6f983396579,Locale Wealth,medium,5,WA,https://localewealth.com.au,Perth-based property investment consultancy. Independent advisory not tied to any developer or builder. Tailored wealth creation plans with full-time acquisitions team. Part of Locale Property Group.,2 contacts in Individuals list. Commission-based model (no upfront fees). Perth H&L focus from $599k.
c0d1a4b3-b3f5-4150-bf7f-7670c0370d27,Access Wealth,medium,3,VIC,https://accwealth.com.au,"Property investment consulting firm with 'no BS' philosophy. Data-driven approach using CoreLogic, SQM Research, RP Data. Alliance Partnership model with money-back guarantee. Sources properties Australia-wide.","2 contacts in Individuals list. Founded 2014, relaunched 2020. Performance-based model from $750."
0bb3485f-a18d-428c-a9b0-b797fb0707bc,Procure Wealth,medium,3,NSW,https://procurewealth.com.au,"Property investment advisory offering personalised strategies, property analysis, portfolio construction, and tax minimisation. Focused on helping both new and established investors navigate the property market.","2 contacts in Individuals list. Bella Vista, NSW based."
88ab440a-45bc-4e1b-8822-36540094d185,Aussie Homes Buyer's Agents,medium,50,NSW,https://aussie.com.au/buyers-agent/,"Part of Aussie/Lendi Group (major mortgage broker). Launched in-house BA service 2025. Aiming to become Australia's largest BA service. National coverage. Access to 11M+ properties. Integrated with Aussie broking, conveyancing, and property search platform (Aussie Homes). Corporate/scaled model rather than boutique.",MAJOR COMPETITOR ALERT. Corporate-backed BA entering market at scale. Could disrupt boutique BA industry.
f4b18bd0-0666-4fe3-b031-efbe101e3bb3,PRPTY360,medium,,NSW,https://prpty360.com.au/,Boutique property investment BA founded by Julian Fadini. Data-driven investment approach. On/off-market sourcing. Sydney-based.,Calls self 'investment buyers agent'. Also sources developer stock. Mixed model but investment-focused.
7e7ad534-a578-446a-8030-dc64a6113b2d,Property Club (Buyers Agent),medium,,VIC,https://www.proclub.com.au/,"Melbourne/Brisbane BA (proclub.com.au). 15+ years. Investment and OO. End-to-end support, vendor advisory, negotiations, auction bidding.",proclub.com.au — NOT propertyclub.com.au (investment club). Investment focus.
6d617242-f5df-4805-a20f-5760c09d260f,28th Street Agency,medium,1,National,https://28thstreetagency.com.au/,"Buyers agency run by Kerryn Brownson. Mixes homebuyer and investment work. Investment page talks about portfolio building, equity leverage, and rentvesting strategies.",Sole operator. Investment + homebuyer mix. Based in SA but buys nationally.
ffc2a615-25bd-4c80-907f-5fc332c2d0a6,AQUUS Property Buyers,medium,1,NSW,https://www.aquus.com.au/,Sydney-based boutique buyers agency specialising in investment property. Helps clients achieve financial freedom through property. Strategy includes long-term goal setting and portfolio matching.,Run by Paul Sonntag. Investment focus but appears transactional per-property basis.
5f210d4b-7525-4e79-9e08-68d52da1991a,Agentify,medium,2,National,https://agentify.com.au/,"Investment property buyers agency focused on building wealth through property. Offers strategy, acquisition, and property management. Targets yield and portfolio growth.",Investment-focused. Also does PM. Founded by someone with international property experience.
ddb439d5-46bf-42bc-b63d-4769801596e5,National Property Buyers,medium,5,National,https://nationalpropertybuyers.com.au/,"Award-winning buyers advocacy firm operating in VIC, NSW, QLD, SA. Handles homebuyer and investment purchases. Led by Antony Bucello (VIC). PIPA Medium Business of the Year winner.",Mixed homebuyer/investor practice. Multiple state offices. Strong reputation.
d01c7ce5-6b23-48a9-9f1f-09a10049fcd3,Capital Buyers Agency,medium,2,ACT,https://www.capitalbuyersagency.com.au/,Canberra-based buyers agency. Handles investment and homebuyer purchases in the ACT region.,ACT focused. Mixed practice. Moderate investment work.
0b645979-2182-4ee9-9a7a-f248e219e3ef,Invision Property,medium,2,QLD,https://invisionproperty.com.au/,Brisbane-based buyers agency founded by Nathan Prasad. Off-market focus. Handles investment and homebuyer purchases across SE QLD. Construction/development background.,Mixed practice but investment-leaning. Below-market deals. SMSF purchases.
5f13d7cc-16d3-41ef-af91-40d598d5b46e,Keyhole Property Investments,medium,5,VIC,https://www.kpi.net.au/,"Melbourne-based buyers agency est. 2005. Buyer advocacy, vendor advocacy, property management. Serves homebuyers, investors, SMSF purchasers. $1B+ in negotiated transactions.",Mixed practice. Investment + homebuyer + PM. Long-established.
62502539-1b41-449b-9168-4ffe5b87e8ba,Klein Hunter Property Buyers,medium,1,QLD,https://noosapropertybuyersagent.com.au/,"Noosa-based buyers agency run by Kirstie Klein-Hunter. Financial markets background. Advocates for investment strategy, long-term capital growth and wealth creation. Homebuyer + investor.",Strong investment strategy language. Portfolio experience. Noosa specialist.
23fd1d68-a54a-4f8b-b184-85c0326a94b3,Infolio Property Advisors,medium,8,VIC,https://www.infolio.com.au/,"Melbourne buyers advocacy firm est. 2008. Buyer advocacy, vendor advocacy, property management. Conservative capital growth model for investors. 53% off-market acquisitions.",Mixed practice but investment-aware. Capital growth focus. Established firm.
36f09815-5080-4795-a7d2-008727729068,Michelle May Buyers Agents,medium,5,NSW,https://www.michellemay.com.au/,"Sydney buyers agency with 25+ years experience. Inner West, Eastern Suburbs, Lower North Shore. Serves homebuyers and investors. Podcast host (Buy Your Side).",Mixed practice. Media profile. Investment work but homebuyer-leaning.
9352d735-309c-4970-b017-ca039eddf4b0,Quantum Buyers Agents,medium,5,QLD,https://www.quantumbuyersagents.com.au/,"Brisbane-based multi-city buyers agency (Sydney, Melbourne, Gold Coast, Sunshine Coast). Supports investors with portfolio building, rental demand analysis. 76% off-market purchases.",Investment-leaning mixed practice. Growing team. Multi-city.
fbad3647-2f2e-41f5-8310-b3aec53f1f74,MULLIGAN Buyers Agents,medium,3,NSW,https://www.paulmulligan.com.au/,"Sydney buyers agency led by Paul Mulligan. 20+ years experience. Investment property, SMSF, commercial, and homebuyer services. Harvard negotiation training.",Mixed practice with investment and SMSF capability. Broad service offering.
24eb8b49-c581-494e-bd83-6553b176a256,Propwealth,medium,3,National,https://propwealth.com.au/,National investment-focused buyers agency. Data-driven property selection. Portfolio building approach. Off-market capabilities.,Investment-focused. Data-driven. Portfolio language.
45c4a699-13b0-4b42-a90d-397e6b68d5a1,Prosper Group,medium,5,NSW,https://www.prospergroup.com.au/,"Sydney-based residential and commercial BA and property managers. Eastern Suburbs, Inner West, North Shore. Investor and homebuyer services.",Mixed practice. Commercial + residential. Investment management approach to PM.
a68d6475-e6f3-4845-95b9-27ad98d7f8fc,Your Property Hound,medium,4,QLD,https://www.yourpropertyhound.com.au/,Brisbane investment property buyers agent. REIQ Buyers Agent of Year 2020 & 2021. Led by Matt Reeves. Portfolio building focus. Helps interstate and overseas investors.,Investment-focused. Award-winning. Portfolio building. Brisbane specialist.
f888c007-6eca-4113-9dbb-91788170dd3b,PropSearch,medium,2,NSW,https://www.propsearch.com.au/,"Sydney buyers agency founded by Nikki. Background with Mirvac and Dexus. Research-driven, data-informed. Homebuyers and investors.",Institutional property background. Research-driven.
a2765598-7559-402f-a22f-0a46561121fb,SydneySlice,medium,6,NSW,https://www.sydneyslice.com/,"Sydney buyers agency est. 2000. Eastern Suburbs, North Shore, Inner West. BA + executive property management. Helps expat investors build portfolios. Led by Deborah West.",Established firm. Expat investor focus. Portfolio building for overseas clients.
e4d1e31e-d9d1-4686-9c41-3d2bbba9ab24,Oasis Skeen Property,medium,4,NSW,https://www.oasisskeenproperty.com.au/,"Sydney BA with $4B+ in acquisitions. 20+ years experience. Mixed homebuyer and investment. Portfolio growth, rental yields, capital growth analysis. Off-market access.",Established firm. Large transaction volume. Mixed practice.
e1724c54-97b0-405d-a421-5f56f0b09e23,Pivot Property Buyers,medium,5,NSW,https://pivotpb.com.au/,Sydney + Brisbane BA. $1.5B in transactions. Split business: primary residence arm + investment/portfolio-building arm. Pinpoint System software analyses 400K+ properties/year. 14+ years experience.,Dedicated investment arm. Portfolio-building. Proprietary technology.
288edf57-7cf2-4870-96d8-23cfc8a8dffa,The Brokerage Connection,medium,6,National,https://thebrokerageconnection.com.au/,"Multi-service firm: BA + finance broking + business broking. Sydney, Melbourne, Brisbane offices. 20+ years experience. Homebuyer and investor services. Off-market access.",Multi-service model. National presence. Mixed practice.
b1915e6e-1b88-4397-9091-e266c8cd609a,The Buyers Agent Network,medium,4,National,https://thebuyersagentnetwork.com/,"East coast BA network. Residential, commercial, and agricultural properties. Multi-agent model across regions.",Network model. Commercial + agricultural diversification.
0e502290-5ec7-47b5-876b-e16a968b5a17,OPTIMA PROPERTY ADVISORS,low,,NSW,https://rebaa.com.au/members/optima-property-advisors/,REBAA-listed property advisors.,REBAA member. Luxury OO-focused.
00c43a81-580e-4048-aa13-530e2dd6afe4,ResolveXO,low,33,VIC,https://www.resolvexo.com/,Commercial property tenant representative — not a residential buyers agent.,Not a BA. Commercial tenant rep firm. 13 contacts in Individuals list.
da05ebf6-8a21-4b0d-8fcc-13bb24e61f28,Wise Real Estate Advice,low,5,VIC,https://wiserealestateadvice.com.au/,Melbourne-based independent buyers agent. Emphasis on home buyers and lifestyle properties.,"Primarily OO. Small team, VIC-focused."
535b1732-ba62-4077-a9af-7fe9a851f0b7,Logica Property,low,2,NSW,https://logicaproperty.com.au/,"North Shore Sydney buyers agent. Primarily serves owner-occupiers in North Shore, Northern Beaches.",Primarily OO; also operates in Adelaide
bfd82c68-625b-4a50-9251-90be1c8ada9b,Central Coast Buyers Agent,low,1,NSW,https://centralcoastba.com.au/,"Central Coast based buyers agent for home buyers, investors, and commercial buyers.",Individual operator.
b05b8cf7-525e-4565-8429-9627ad524de5,New Property Specialists,low,35,National,https://newpropertyspecialists.com.au/,"25+ years property and mortgage finance experience. Offers buyers agent services. Covers Melb, Syd, Bris, SA.",Primarily home buyers; mortgage broker plus buyer advocacy
81cbe8c2-4402-44c0-924f-110d767231bc,"NE ASPECT, Buyers Agent Northern Beaches",low,12,NSW,https://buyersagentnorthernbeaches.com.au/,Northern Beaches buyers agent run by Marika Martinez. 70%+ off-market purchases. Primarily home buyers in Northern Beaches Sydney.,Individual operator; primarily OO; local specialist
0fd8cc6a-a8c1-47fb-88cf-c73c81df86b5,Monei,low,,National,https://monei.com.au/,Mortgage broking and financial education platform. Not a traditional buyers agent.,Not a BA; mortgage broker with financial education focus
75457767-ba03-4edd-b6f1-e970440ef21e,Marisa Gonzalez & Co,low,,ACT,https://www.marisagonzalez.com.au/,"Accounting and taxation firm, not a property buyers agent.",Not a BA. Accounting/CPA firm.
67ed7949-ae3b-48c9-8bc4-db5a516b8b76,NOOSA BUYERS AGENT,low,,QLD,https://www.noosabuyersagent.com/,Noosa-focused buyers agent. Likely lifestyle/OO focus given Noosa market.,REBAA member. OO/lifestyle/relocation. Very boutique.
2ff33a65-cd8a-4259-86d6-4b2aa9cf14c1,Property Destinations,low,3,QLD,,Company not found or defunct. Could not verify as active BA.,Company not found; may be defunct
23bce06d-260b-427d-b8bf-fe73f85a802b,Buyers Agent Silk,low,,Unknown,,Company not found or defunct. Could not verify as active BA.,Company not found; may be defunct or operating under different name
39003920-e409-4893-af33-a5cc42376b32,Property U Invest,low,,Unknown,,Company not found or defunct. Could not verify as active BA.,Company not found; may be defunct
3cd37899-8e47-43a2-a9dc-88cef5222fee,Property Universe,low,,Unknown,,Company not found or defunct. Could not verify as active BA.,Company not found
95f9821f-7f86-4b2d-8c72-41add806aad8,The Way,low,,Unknown,,Company not found or defunct. Could not verify as active BA.,Company not found
e8cc2bb2-4a07-4e27-91ef-e62c6fb30523,Ronovationz - Property Wealth Coaches,low,3,NZ,https://ronovationz.co.nz,"Property investment coaching in Auckland, New Zealand. NOT Australian.",NZ based — out of scope for AU industry map.
669da74d-aa74-44e9-ba47-939b72563b8a,Infinite Wealth,low,3,GOA,https://infinitewealth.com,"Property strategist listed in Goa, India. NOT Australian.",India based — out of scope.
27f165b7-549e-4247-b27d-2591dd181e01,William Wealth,low,3,ON,https://williamwealth.ca,Canadian wealth firm. NOT Australian.,"Ontario, Canada — out of scope."
c8b7c4b0-6469-4cd0-86b5-a20010bbeb2f,Invest Realty Australia,low,,,https://investrealtyaustralia.com.au,AU property investment realty.,Property investment realty. Potential PropPath user for portfolio planning.
2d4682cb-5503-484e-8346-845dc78c7e4a,InvestVise,low,,,https://investvise.com.au,AU property investment advisory.,Property investment advisory. Potential PropPath user.
33665210-104b-41e5-86ef-493e59368135,Investment Rise,low,,,https://investmentrise.com.au,AU property investment company.,Property investment company. Potential PropPath user.
022144e0-8493-4574-8fca-cf01c5e98cd8,Investor Property,low,,,https://investorproperty.com.au,AU property investment company.,Property investment company. Potential PropPath user.
fd3a2c5a-cf62-4e25-be84-971b7f6c8652,InvestorPro,low,,,https://investorpro.com.au,AU property investment advisory.,Property investment advisory. Potential PropPath user.
d6e4ea38-05da-4b5d-8d10-54354a35497f,Investors Advisors,low,,,https://investorsadvisors.com.au,AU property investment advisory.,Property investment advisory. Potential PropPath user.
1128706a-a390-49bb-bd7f-daac108bc8e5,Investors Institute Melbourne,low,,,https://investorsinstitute.com.au,AU property investment education/advisory.,Property investment education. Potential PropPath user.
d66909fe-b439-4c5d-b2f4-97be68b5277a,JAK Investment Group,low,,,https://jakinvestmentgroup.com,AU property investment group.,Property investment group. Potential PropPath user.
8e95eaec-8f36-4023-84e9-6d25f072f294,Koala Invest,low,,,https://koalainvest.com.au,AU property investment company.,Property investment company. Potential PropPath user.
1f425b20-fbb6-4955-87b3-0ac121addb02,MINT INVEST,low,,,https://mintinvest.com.au,AU property investment company.,Property investment company. Potential PropPath user.
0a6cc459-95b1-48dd-852c-81c3db21415b,Lucid Property Investment,low,,QLD,https://lucidpi.com,Data-driven property investment strategist in SE QLD. Founded by Chris McKnoulty. 20+ years in property analysis and acquisition. High-return focus.,Investment strategist. Strong PropPath fit — portfolio planning for investors.
62338dc1-e929-4845-9840-63b7a9289ef9,Property Planning Australia,low,,,https://propertyplanning.com.au,"Independent property advisory: mortgage strategy, property selection, money management. Not a BA but advises on property selection.",Independent advisory. Strong PropPath fit — property selection advice.
ee0aec0e-4fdd-4e7e-8974-4cd4bcbbef00,Wealthology,low,,QLD,https://wealthology.com.au,Property investment & wealth specialist in Queensland.,Investment & wealth specialist. PropPath user for portfolio planning.
3dd4310d-b043-4193-bd54-81de64f5448f,Calla Property,low,,,https://callaproperty.com.au,"Property investment advisory — NDIS/SDA properties, H&L packages. Vendor-connected.",NDIS/SDA investment advisory. Potential PropPath user.
e49d2b90-7595-41d3-89c4-fa3bc5f9490f,Mirren,low,,,https://mirren.com.au,Property investment advisory + mortgage broker. Sources properties for investors. Vendor-connected.,Investment advisory + broker. Potential PropPath user.
423d3d22-b069-4f10-91ab-683616abd03a,CPS Property,low,,,https://cpsproperty.com.au,Property investment advisory + PM + mortgage broking. Sources developer stock.,Investment advisory + PM + broking. Potential PropPath user.
301cd8e9-826d-412f-95c5-607ca10655ee,Smarter Property Group,low,,NSW,https://smarterpropertygroup.com.au,Property investment advisory in NSW.,Investment advisory. Potential PropPath user.
fee3361d-6100-44d9-a418-ee57c9269a26,Almane Collective,low,,QLD,https://almanecapital.com.au,Property investment advisory in QLD. Co-Founder is Investment Property Adviser.,Investment advisory. Potential PropPath user.
86ca59c6-830f-473b-86b6-a6d6ff9a821e,Asset Base,low,,,https://assetbase.com.au,Property investment advisory. Sources developer stock. Vendor-paid.,Investment advisory. Potential PropPath user.
9e537d79-70f5-43df-a786-10c16f0f26d4,Cartesian Property,low,,VIC,https://cartesianproperty.com.au,Property investment analysis in Victoria.,Investment analysis. Potential PropPath user.
498af820-ade5-4c15-bbce-99ad468ef1f1,JR Prosperity,low,,NSW,https://jrprosperity.com.au,"Property investment company. Founded by Jack Kumar. 10+ yrs, 600+ customers. H&L packages in growth corridors. Offices: Parramatta NSW & Melbourne VIC.",Investment company. H&L packages. Potential PropPath user for portfolio planning.
2616c5f4-6846-406f-97d5-1a78ba32d7df,Ozinvest,low,,,https://ozinvest.com.au,Property investment company. Brand new properties in growth regions. 20+ yrs. 10-year leaseback/rental guarantee. Also has realty/PM arm.,Investment company. Long-established. Potential PropPath user.
0ebd6a13-3556-4014-bfbe-d9f1af6d77cb,DPN,low,,,https://dpn.com.au,"Property investment company/developer. H&L, dual-income properties. Vendor-paid. Since 1996, 50+ staff.",Investment company/developer. Large operation. Potential PropPath user.
99077d21-4240-4401-bc6d-eb8017c044cf,Prosperity Group,low,,ACT,https://prosperitygroup.com.au,Property investment consulting & strategy in ACT.,Investment consulting. Potential PropPath user.
ef67dde2-29b7-4dcb-a17f-ca84685cde83,NPA Property Group,low,,QLD,https://npapropertygroup.com.au,"Property investment consulting in Townsville, QLD. Regional QLD investors.",Regional investment consulting. Potential PropPath user.
a1132d0b-d317-4e0a-a439-bec0e81e1431,Worldlink Property AU,low,,QLD,https://worldlinkpropertyau.com,Property investment consulting in Queensland.,Investment consulting. Potential PropPath user.
1fe50a57-04b7-4423-8981-f571c5901dba,Capital Edge Australia,low,,,https://capitaledgeaustralia.com.au,Property investment education/advisory. Helps build portfolios.,Investment education. Strong PropPath fit — portfolio building.
4423fc81-df75-4072-bb05-af08bce25af5,Timeout Property Group,low,,QLD,https://timeoutpropertygroup.com,Property investment management in Queensland.,Investment management. Potential PropPath user.
281e8411-b0cc-44c5-b790-2cb012b2c736,Allwood Property Group,low,,QLD,https://allwoodpropertygroup.com.au,Property investment management in Queensland.,Investment management. Potential PropPath user.
6194f2f6-0ec7-47b9-af3c-137f78db3fd2,Red23,low,,,https://red23.com.au,Property investment sales.,Investment sales. Potential PropPath user.
1515cb9a-8835-440c-8bbb-ce03b327e10d,Property Powerhouse,low,,,https://propertypowerhouse.com.au,"Property investment sourcing for 'Mum and Dad investors'. Works with referral partners (brokers). Free to buyer, vendor-paid.",Investment sourcing. Potential PropPath user for portfolio planning.
12a26656-b8ab-4f40-9bde-5a37c5d6679f,Property In A Box,low,,,https://propertyinabox.com.au,Property investment sourcing/turnkey service.,Turnkey investment service. Potential PropPath user.
427d2068-011b-4883-8f9c-c4be94df0e3c,InvestLogic,low,,,https://investlogic.com.au,Property Investment Specialist.,Investment specialist. Potential PropPath user.
7b43aed6-c57a-4cce-bb54-ce1dfca61fa8,Future Secure Advisory,low,,NSW,https://futuresecureadvisory.com.au,Property investment strategist / buyers agent in NSW. Data-driven approach. Founder has 6-property portfolio. Also mindset coaching.,Investment strategist/BA hybrid. PropPath user for portfolio planning.
f8696553-9b5c-4d37-852d-245c98e6807c,Sunplace,low,,QLD,https://sunplace.com.au,Property investment strategy in Queensland.,Investment strategy. Potential PropPath user.
c12e735a-1e6c-4aff-a1bb-c9ccb2fdd3e3,TIP Solutions,low,,SA,https://tipsolutions.com.au,Property purchasing and investment PM in South Australia. MD is 'Senior Property Purchaser' — active buying role.,Investment PM with purchasing role. Potential PropPath user.
6f34b99b-ceb3-461e-a51a-9740204a3d0f,MacKenzie Buyers Agency,low,1,QLD,https://www.mackenziebuyers.com.au/,Brisbane-based buyers agency run by Aaron Downie. Homebuyer and investment mix.,Sole operator. From Apollo list as 'Aaron Downie MacKenzie Buyers Agency'. Mixed focus.
d80fcac7-ecc9-459d-ac88-dab9c79067b8,Advocate Property Services,low,2,VIC,https://advocateservices.com.au/,Melbourne-based buyers agency run by Jo Vadillo and Greg. Handles both investment and homebuyer purchases. Some investment success stories.,Mixed practice. Investment is not primary focus. Small operation.
2603e412-dfbe-435d-b989-da922c11005b,Asset Plus Buyers Agents,low,1,QLD,https://www.assetplusbuyersagents.com.au/,Brisbane boutique buyers agency. Handles investment and homebuyer purchases across Brisbane.,Small operation. Mixed focus. From Stash Property directory.
a5ad8985-bef7-40ff-a3f1-3ce0d7b46791,Aston Republic Buyers Agency,low,1,QLD,https://www.astonrepublic.com.au/,"Brisbane-based buyers agency run by Omar. Handles investment, homebuyer, and development site purchases. Mixed practice.",Sole operator. Brisbane focus. Mixed homebuyer/investment/commercial.
f18867dd-9735-46aa-9c5f-58a53190f1de,BuyEast Buyers Agency,low,12,NSW,https://www.buyeast.com.au/,Award-winning buyers agency specialising in Sydney's Eastern Suburbs. Primarily homebuyer-focused in prestige markets but also handles investment purchases.,Founded by Mark & Nicky Cadry. REINSW Buyers Agency of Year winner. Luxury/prestige focus.
c6917b76-d3b3-4516-8fb9-fc9b70964cf6,Buyers Domain,low,3,NSW,https://buyersdomain.com.au/,"Sydney-based buyers agency founded by ex-lawyer Nick Viner. Inner West, Eastern Suburbs & North Shore. Mixed homebuyer, investment, and commercial property.",Mixed practice. Some investment work but primarily homebuyer/lifestyle focused.
891eaf43-979d-488b-b61d-5f32e2cd4637,AcquiredHQ,low,2,NSW,https://acquiredhq.com.au/,Newcastle/Hunter region buyers agency run by Chad Dunn. Handles homebuyer and investor purchases locally. Formerly Chad Dunn Property Buyers.,Regional focus (Newcastle/Lake Mac/Port Stephens). Mixed practice. Primarily homebuyer.
d9c7d851-c29a-470d-ba7b-fbe0ab2fedcd,Cura Property Buyers Agents,low,1,NSW,https://www.curaproperty.com.au/,Sydney-based buyers agency founded by Ramon Cura (ex-mortgage broker). Handles homebuyer and investment property purchases.,Mixed practice. Sole operator. Investment advisory from mortgage broker background.
29a9ae5b-7645-4427-80a3-0964f169728e,Edwards & Smith Buyers Agents,low,5,QLD,https://www.edwardsandsmith.com.au/,Queensland buyers agency founded by ex-AFL players Jake Edwards and Ely Smith. Gold Coast and Brisbane. Mixed homebuyer and investment purchases.,Mixed practice. 2-3% fee. Some investment work incl NRL/AFL clients. Primarily lifestyle.
6fe5f820-4fd7-471a-850a-afa7c07d04c4,Discover Buyers Agency,low,1,QLD,https://www.discoverbuyersagency.com.au/,Queensland-based buyers agency. Handles homebuyer and investment property purchases.,Small operation. Mixed focus.
b59f1338-ce7b-40d0-83f2-838674a8ff5c,Drift Buyers Agency,low,1,QLD,https://www.driftbuyersagency.com.au/,Queensland-based buyers agency. Handles lifestyle and investment property purchases.,Small operation. Appears lifestyle-focused with some investment.
21535185-2e51-4f5f-88d3-6bc595affd72,Gold Coast Property Advisors,low,3,QLD,https://www.srama.com.au/,Gold Coast buyers advocates (The Srama Group). Mixed owner-occupier and investor services across Gold Coast suburbs.,Mixed practice. GC lifestyle focused with some investment.
6d0da682-32c0-4b2d-9916-3d8b0019cc4b,Grantham Buyers Agents,low,1,NSW,https://www.granthambuyersagents.com.au/,"Sydney boutique buyers agency run by Dan. 100+ properties purchased. Focus on off-market, 8-week avg turnaround. Mixed home/investment.",Sydney focused. Primarily homebuyer. Some investment but not core.
194560b0-0469-45fd-a270-73e64654dba7,Hallmarq Property Group,low,9,NSW,https://www.hallmarq.com.au/,Sydney Northern Beaches & Lower North Shore buyers agency. Also operates in Adelaide. Founded by Rebecca Jane Hall. Primarily homebuyer/lifestyle focused.,Homebuyer focused. Northern Beaches specialist. Adelaide expansion. Not investment-core.
0d6a5f52-aa4c-43ab-87d3-b337f0133d20,Haus Property Buyers,low,1,NSW,,Double Bay-based buyers agency specialising in blue-chip Eastern Suburbs Sydney. Exclusively off-market. 20+ years experience.,Prestige/lifestyle focused. Not investment-portfolio oriented.
1f0755f2-34fa-43bb-aa5b-77342cbe7c28,HighSpec Properties,low,10,NSW,,"Sydney buyers agency founded by Amanda Gould with 30+ years real estate experience. Team of 10 across 2 offices covering Sydney, Byron Bay & Northern Rivers.",Mixed practice. Large team but primarily homebuyer/lifestyle.
6634c2d8-558a-4ca4-9e95-88fe02a225df,IP Property Buyers,low,1,NSW,https://www.ippropertybuyers.com.au/,High-end property buyers agency led by Irena Petrovic. 10+ years experience. Luxury/prestige focus with lifestyle planning.,Luxury/prestige focused. Not portfolio-investment oriented.
5c9f02dd-260f-4aee-9128-16444d0342cc,IPS Buyers Agents,low,2,QLD,https://ipsbuyersagents.com.au/,Brisbane buyers agency focused on time-saving for buyers. Mixed homebuyer and investment. 'Diamond in the rough' strategies including granny flat opportunities.,Mixed practice. Some investment strategy but primarily homebuyer convenience.
2d24b808-4561-4b53-9477-5b6910ab84ba,Hunter Gather,low,1,NSW,,Sydney-based buyers agency run by Jillian Breen. Mixed homebuyer and investment purchases.,Small operation. Mixed focus.
beca6c59-087b-4442-815b-23079793803a,Johnson Property Co.,low,2,QLD,,Queensland-based buyers agency. Mixed homebuyer and investment property purchases.,Mixed practice. Limited info available.
e6d72cfb-4bf8-4579-8489-32585c5b4778,LYNC Buyers Agents,low,3,QLD,https://lyncbuyersagents.com.au/,SE Queensland buyers agency. Mixed homebuyer and investor focus. 25+ years combined experience across the team.,Mixed practice. Limited investment-specific language.
c522edca-e031-43a5-9bb7-2db70b991005,LMD Property,low,2,QLD,https://www.lmdproperty.com.au/,Gold Coast and Tweed Coast buyers agency and property valuers. Founded by Luke Dougherty. Serves homebuyers and some investors.,Valuation background. Primarily homebuyer-focused.
0c5fe3df-cd84-4e4f-a7c8-20e43ec1ea4c,Lansdowne Property Group,low,2,NSW,https://lansdownepropertygroup.com.au/,"NSW buyers agency specialising in sea changes, leaf changes and downsizing. Homebuyer and some investment focus.",Primarily lifestyle-change focused. Limited investment language.
4f7c7f6a-6aa5-4aeb-b753-e939a31b7bc5,Luxe Coastal Property Buyers,low,3,QLD,https://www.luxecoastalproperty.com.au/,"Noosa and Sunshine Coast buyers agency led by Christine Mount. 30 years experience, $1.7B in transactions. Premium/luxury property focus.",Luxury lifestyle focus. Limited investment-specific language.
15581cd1-c0df-48cc-84d3-1ce460120f3e,Maynard Property Group,low,2,QLD,https://maynardproperty.com.au/,"Gold Coast and Northern NSW buyers agency. First home buyers, homebuyers, and some investment. Run by Emma and Craig Maynard.",Primarily homebuyer-focused. Limited portfolio/investment strategy.
5c079838-72a6-4465-a3d5-0efcb1ddca15,Hunters Buyers Agents,medium,,,,,
84a9dbc5-6455-4336-954f-8fca7837b443,Murray McCarthy Buyers Agent,low,1,QLD,https://www.mmbuyersagent.com.au/,"Sunshine Coast and Brisbane buyers agent. Residential and commercial. Background with Stockland, Multiplex, Walker Corporation. Mixed homebuyer and investor.",Property development background. Mixed practice.
acca95bd-47d7-41e6-92f2-3dd37b254d7d,My Hobart Home,low,2,TAS,https://myhobarthome.com.au/,Hobart-only specialist buyers agency. Helps local and interstate buyers find homes in Hobart. Founded by Angie.,Homebuyer-focused. Only specialised BA in Hobart.
f1d27c16-1507-414b-a4c4-4a405b881a46,My Property Buyers Agent,low,1,QLD,,Queensland-based buyers agency. Mixed homebuyer and investment focus.,Limited info. Small operation.
dd8fa627-59e8-4c3a-a4a1-f1bde69d0caa,NQ Buyers Agent,low,1,QLD,,Cairns-based buyers agent. Regional QLD focus. Mixed homebuyer and investment.,Regional. Limited investment language.
d2e1ef37-4588-4efc-b36a-62eeab3e2c97,Nivison Buyers Agents,low,2,QLD,https://www.nivisonbuyersagents.com.au/,SE Queensland buyers agency. 70% off-market purchase rate. Mixed homebuyer and investor services.,Mixed practice. Limited investment strategy language.
963c3cac-25a8-4026-9594-a13470045e23,Okaeri Buyers Advocates,low,1,VIC,,Melbourne-based buyers advocate. Mixed homebuyer and investment focus.,Small operation. Limited info.
7314ad56-6284-4987-9518-cd085baa6280,Paragon Purchase,low,1,NSW,,Sydney-based buyers agency. Mixed homebuyer and investment focus.,Limited info available.
320ccd1f-e63e-4695-b6d1-cb5fc895bcbd,Penny Hyde Buyers Agent,low,1,ACT,,Canberra buyers agent. Penny Hyde is Canberra's most awarded BA. Mixed homebuyer and investment.,ACT specialist. Award-winning but primarily homebuyer-focused.
807e24aa-8bf1-4e07-b4c9-e6ec61653939,Property Partners Buyers Agents,low,2,QLD,,Noosa and Sunshine Coast buyers agency. Mixed homebuyer and investment in premium market.,Lifestyle/premium market focus.
03c5fefa-8f8d-471c-8bf4-591e26248f8d,Property Twins,low,2,QLD,,Queensland-based buyers agency. Mixed homebuyer and investment focus.,Limited info available.
00107f31-b721-4930-accd-130ed54aa4f5,Pulse Property Agents,low,1,QLD,,Queensland-based buyers/property agent. Mixed practice.,Limited info. May be selling agent.
469519f8-490b-4ede-bb8e-26750c322f51,QLD Buyers Agent Network,low,2,QLD,,Queensland buyers agent network. Mixed homebuyer and investment focus.,Network model. Limited investment strategy language.
eef902c0-1106-477a-b972-19ff449668fa,Raada Group,low,1,NSW,,Sydney-based property buyers representatives. Mixed homebuyer and investment.,Limited info available.
a7e35ace-e2e0-4a5a-bbab-2971c4041836,Radar Results,low,2,VIC,,Melbourne-based licensed buyers agents. Mixed homebuyer and investment.,Limited investment-specific language.
0199963d-f9e2-4896-9088-bae388c5d03d,Rise Property Buyers,low,1,QLD,,Queensland-based buyers agency. Mixed homebuyer and investment focus.,Limited info available.
29deaf61-0448-4ca8-80f2-4d26b133974a,Scott Properties Group,low,2,NSW,,NSW-based property group. Mixed homebuyer and investment focus.,Limited info available.
15bf53c6-c278-4304-a181-21a8b29fbdff,Scout Property Buyers Agency,low,2,NSW,https://www.scoutproperty.com.au/,Sydney Inner West specialist buyers agency. Mixed homebuyer and investment.,Inner West specialist. Primarily homebuyer-focused.
af0c589b-e62e-4235-b165-1d9bd11e4269,Sims Buyers Agency,low,1,QLD,,Queensland-based buyers agency. Mixed homebuyer and investment focus.,Limited info available.
c7eee91f-5096-43cb-9ad1-2c0997a4eea2,Spring Buyers Agency,low,2,NSW,,NSW-based buyers agency. Mixed homebuyer and investment focus.,Linda Johnson listed separately. Mixed practice.
e697783f-d7fd-474b-b0b6-f09151a05785,Strong Property Buyers,low,1,QLD,,Queensland-based buyers agency. Mixed homebuyer and investment focus.,Limited info available.
14033e42-ea95-4f4b-8932-9d8c956ed1f8,Summit Property Agents,low,1,QLD,,Queensland-based property agent. Mixed practice.,Limited info available.
58966c8b-7d5a-4b28-8b4c-48d34091d6b9,Unicorn Buyers Agents,low,2,NSW,https://www.unicornbuyersagents.com.au/,Sydney Eastern Suburbs specialist BA led by Dan Sofo. Mixed homebuyer and investor. Fixed fee model.,Eastern Suburbs specialist. Mixed practice.
88e04e27-73b5-4f33-857f-d610e0693c8e,Universal Buyers Agents,low,2,QLD,,Brisbane-based buyers agency. Mixed homebuyer and investment focus.,May overlap with 'Universal Buyers Agent Brisbane' entry.
72554a47-ed47-4140-8c12-2cdba78106da,Webb & Co. Buyers Agency,low,1,NSW,,NSW-based buyers agency. Mixed homebuyer and investment focus.,Limited info available.
eff1e1e9-c2f1-44b5-a960-b2deb1b78127,You & Me Property Partner Services,low,1,QLD,,Queensland-based property services. Mixed homebuyer and investment.,Limited info available.
6662904a-0989-4f3d-acf8-7fd1a284bddc,Your Hot Property,low,1,QLD,,Queensland-based buyers agency. Mixed homebuyer and investment focus.,Limited info available.
5fac7b5b-c219-438b-aa0e-9ff2f9851645,Arch Haus,low,1,NSW,https://www.archhaus.com.au/,"Sydney BA led by Natalija Tanevska. 16+ years property experience. First home buyer, family home and investment specialist.",Small operation. Mixed practice. Limited investment strategy language.
204f87c0-bae6-4912-9e14-b6724fd64d14,Successful Ways,low,3,NSW,https://successfulways.com.au/,"Sydney BA. Award-winning. Mixed homebuyer and investment. Search, evaluation and negotiation services. In-house finance and legal.",Mixed practice. Primarily homebuyer-focused.
c1928d12-47c3-4d0a-89d1-d172fef93758,Tiron Manning / Newcastle Buyers Agent,low,1,NSW,https://www.newcastlebuyersagent.com.au/,Newcastle specialist BA. PIPA and REBAA member. 17+ years industry experience. Mixed homebuyer and investor. Extensive local knowledge and network.,Regional specialist. Mixed practice. PIPA member but limited portfolio language.
c8c1cc54-c4f5-45eb-8284-8e095247b25e,Raine & Horne Great Southern,low,2,WA,,Raine & Horne franchise in Great Southern WA. Primarily selling agency with some BA services. Regional.,Franchise selling agency. Limited BA focus.
1985eab7-c747-45f2-8c2f-691f01610864,Universal Buyers Agent Brisbane,low,1,QLD,,Brisbane-based buyers agent. Mixed homebuyer and investment focus.,Limited info. May overlap with Universal Buyers Agents already in map.
ad3b192a-904c-4d4d-8027-de5c30dd9a00,Lock & Key Property Buyers,low,3,NSW,https://lockandkeyproperty.com.au/,Sydney Northern Beaches and Lower North Shore specialist BA. Led by Simon Dean and Belinda. Primarily homebuyer-focused. Off-market access. Luxury/prestige market.,Homebuyer-focused. Premium market. Limited investment language.
12994d1b-8ed8-4273-9e90-5c6fa6bcf91e,Premium Property Finders,low,1,NSW,https://premiumpropertyfinders.com.au/,"Sydney BA led by Tracey. 27+ years experience. Eastern Suburbs, Lower North Shore, CBD. Mixed homebuyer and investment. Foreign buyer services.",Small operation. Mixed practice.
63460eb8-d631-4400-90df-689813e1293a,Premium Buyers Agent,low,1,National,,Generic-named buyers agency. Mixed homebuyer and investment focus.,Limited info available. Generic name.
e4ef1ba4-fe85-48b9-947b-8ee580cfe836,The Edge Buyers,low,1,QLD,,Queensland-based buyers agency. May be related to or variant of The Edge Property Buyers.,Possible variant name. Limited standalone info.
fd6de1fd-0bb0-486d-b118-d860bdbd9aad,Sydney's Premier Buyers Agents,low,2,NSW,,Sydney-based buyers agency. Mixed homebuyer and investment focus.,Generic name. Limited info available.
db21a371-8cab-4622-8bde-f2f4d4a9e087,Window Property Group,low,1,NSW,,NSW-based property group. Mixed homebuyer and investment focus.,Limited info available.
15e51b52-84b5-410d-af44-7b8906cb05e6,Tt Consultancy,low,1,QLD,,Queensland-based property consultancy. Limited information available.,Very limited info. Unclear if active BA.
7682b4c9-7b8b-4cd6-9bca-d51f85a1cf49,True Power Realty,low,1,QLD,,Queensland-based realty. Mixed practice including BA services.,Limited info. Primarily selling agent.
848fc80e-efc9-415f-9e35-0f1cac147e44,Wings Real Estate,low,1,QLD,,Queensland-based real estate. Mixed practice including some BA services.,Limited info. Primarily selling agent.
6baf7588-e441-4a5a-bc01-a9b2b1d2825c,The Buyers + Creators Group,low,2,QLD,,Queensland-based property group. Mixed BA and property creation services.,Limited info available.
8c3a6ec9-4d62-41ce-b6be-03305e09f737,Sinclair Buyers,low,1,QLD,,Queensland-based buyers agency. Taylor Sinclair. Mixed homebuyer and investment.,Limited info available. Small operation.
d1ab9cf6-ee53-46b0-b4f5-cbf93f093d7d,Ray Chua Buyers Advocate Perth,low,1,WA,,Perth-based buyers advocate. Mixed homebuyer and investment focus.,Small operation. Limited info.
